location,entry,dairy,drinks,fruit,spices,checkout
entry,0.0,0.2875755540631296,0.15352585627938214,0.3774345198119543,0.18146406984553393,0.0
dairy,0.0,0.7369870713884205,0.05851602023608769,0.049803260258572235,0.051320966835300734,0.10337268128161889
drinks,0.0,0.010897501799115862,0.5985401459854015,0.08789966073815153,0.08697440115143415,0.21568829032589698
fruit,0.0,0.09586347908147216,0.05481283422459893,0.5972003774771941,0.05064485687323057,0.20147845234350426
spices,0.0,0.19309137217446673,0.16300541228907992,0.09089461954791468,0.402419611588666,0.15058898439987264
checkout,0.0,0.0,0.0,0.0,0.0,1.0
